trial	source_sha256	status	fnr	fpr	cpu_p95_ms	num_parameters	seconds	hypothesis	error
000	b9de1f06f02f341da0d00ef63aac9b1fbf2c1723a56d65d9c6055ecaa36b3e71	infeasible_best	0.02843601895734597	0.0	0.3832841	14176	282.175	Validated initial ternary model on frozen real-audio splits	
001	084b69f0d284683bbe78dd26b55d5d764ebb2d8e11ad92ff70e5501ba5f438ce	discard	0.08056872037914692	0.0	0.37970204999999996	14176	282.144	Increase the positive-logit margin target and weight so borderline speech clips are pushed farther above the calibrated threshold, reducing development FNR while preserving the current zero-FPR separation.	
002	82312407da9163180e0912662ed023756813f5bbb60a136c4d2ec2c9034d8033	error					3.035	Sample each training batch with 60% speech-positive clips so missed speech examples contribute more frequent gradients, reducing development FNR while the fixed calibration threshold and negative examples preserve the current low FPR.	Exit 1; see /home/aj/workspace/github.com/wilderness-labs/wilderness-labs-stt/custom/autoresearch/runs/20260909T224149Z/trials/002/train.log
003	2c74844b4fb6f2aa5dd73ffd736eeaac81442678317c085eb707a06accf9d746	discard	0.04265402843601896	0.0	0.38284694999999996	14176	282.16	Add an extra loss term on the highest-loss speech-positive clips in each batch so borderline speech examples receive stronger gradients, reducing development FNR while leaving the ternary model contract, calibration procedure and negative examples unchanged.	
004	b3a2a16fbb8d228c5e4cc82cf3a089d66d24b830143a256535d2edbed01fa62d	infeasible_best	0.023696682464454975	0.0	0.37885615	14176	283.142	Sample each training batch with 60% speech-positive clips using supported torch.nonzero indexing so missed speech examples contribute more frequent gradients, reducing development FNR while the fixed calibration threshold and retained non-speech examples preserve the current zero FPR.	
005	11868f0755e10fadd944859e987c63d69639482e4d877f91a183b387ecf0335a	discard	0.04739336492890995	0.0	0.3814455	14176	283.148	Increase the speech-positive batch fraction from 60% to 70% so scarce missed-speech cases contribute more frequent gradients, reducing development FNR while the fixed calibration procedure and retained non-speech samples continue to control FPR.	
006	11a99409fd71ba4618f1ec993e7fbf2e97d2033bb5b674c50f7bb833e7c207d7	discard	0.02843601895734597	0.0	0.38144175	14176	282.163	Increase the positive BCE class weight from 2.5 to 3.5 while keeping the current 60% positive batch sampler, so speech-positive clips receive stronger gradients and development FNR may fall without changing the ternary model contract or the fixed calibration/evaluation procedure.	
007	8d600a7cfb88e26f70951562d4b8ebc27482f3726687bb070d506acdb19986eb	discard	0.04265402843601896	0.0	0.3766775	14176	282.131	Sample speech-positive training clips with inverse-square-root length weighting while keeping the retained 60% positive batch fraction, so shorter speech clips receive more frequent gradients and development FNR may fall without changing the ternary model contract, calibration procedure, or negative training coverage.	
008	c95108c73108833474cef92a6705b915998cbfc386d259b22747dec7cb80541d	keep	0.009478672985781991	0.0	0.3825341	14176	283.128	Export an exponential moving average of the trained master weights so late-step ternary code jitter is smoothed after convergence, reducing development speech false negatives while preserving the retained sampler, architecture, calibration procedure, and zero-FPR behavior.	
009	4f743d27da51aee323a9041747387a74251ba8d2952aeead0d268c2db3571cee	discard	0.023696682464454975	0.0	0.37907905	14176	282.159	Increase the exported master-weight EMA decay from 0.9999 to 0.99995 so the final ternary codes average over a longer late-training window, reducing residual speech false negatives from code jitter while preserving the retained sampler, architecture, calibration procedure, and zero-FPR behavior.	
010	b18c030ae50459731dfc89c50bb7686e09eb6c3f1eb8ec47899fea2170be9e32	discard	0.0	0.0	0.3867934499999999	14176	283.114	Decrease the exported master-weight EMA decay from 0.9999 to 0.9998 so the exported ternary codes track the late converged weights more closely while still smoothing step-to-step code jitter, reducing residual speech false negatives without changing architecture, calibration, or the fixed zero-FPR operating procedure.	
